File #,DateTime,Name,Application,Method,ElapsedTime,Mn,Rb,Sr,Y,Zr,Nb,Ba,Th
361.0,2026-05-07 20:35:00,"Cerro Kaskio, 731, surface","Capriles, J.M.",Obsidian 3mm,30.0,975.0,259.0,12.0,34.0,80.0,34.0,797.0,39.0
362.0,2026-05-07 20:38:00,"OL-158, chert?","Capriles, J.M.",Obsidian 3mm,30.0,665.0,10.0,9.0,11.0,0.0,11.0,949.0,13.0
363.0,2026-05-07 20:38:00,"OL-159, no obsidian","Capriles, J.M.",Obsidian 3mm,30.0,1053.0,7.0,182.0,24.0,165.0,23.0,1614.0,26.0
364.0,2026-05-07 20:40:00,"OC-1-19, superficie","Capriles, J.M.",Obsidian 3mm,30.0,845.0,155.0,137.0,15.0,94.0,30.0,1436.0,29.0
365.0,2026-05-07 20:42:00,OC-1-20,"Capriles, J.M.",Obsidian 3mm,30.0,1011.0,139.0,225.0,22.0,99.0,27.0,2202.0,25.0
366.0,2026-05-07 21:00:00,"AL-13, p747-1","Capriles, J.M.",Obsidian 3mm,30.0,882.0,227.0,11.0,37.0,80.0,30.0,961.0,29.0
367.0,2026-05-07 21:02:00,"AL-13, p747-2","Capriles, J.M.",Obsidian 3mm,30.0,1033.0,249.0,12.0,43.0,93.0,35.0,979.0,31.0
368.0,2026-05-07 21:05:00,"AL-13, p747-3","Capriles, J.M.",Obsidian 3mm,30.0,897.0,148.0,406.0,27.0,277.0,21.0,1933.0,27.0
369.0,2026-05-07 21:06:00,"AL-13, p747-4","Capriles, J.M.",Obsidian 3mm,30.0,956.0,228.0,14.0,38.0,85.0,32.0,1065.0,35.0
370.0,2026-05-07 21:07:00,"AL-13, p747-5","Capriles, J.M.",Obsidian 3mm,30.0,1050.0,240.0,14.0,35.0,82.0,33.0,1027.0,34.0
371.0,2026-05-07 21:08:00,"AL-13, p747-6","Capriles, J.M.",Obsidian 3mm,30.0,916.0,222.0,14.0,32.0,86.0,33.0,981.0,29.0
372.0,2026-05-07 21:18:00,"AL-13, p747-7","Capriles, J.M.",Obsidian 3mm,30.0,972.0,233.0,14.0,38.0,83.0,34.0,1046.0,36.0
373.0,2026-05-07 21:20:00,"AL-13, p747-8","Capriles, J.M.",Obsidian 3mm,30.0,817.0,137.0,385.0,29.0,264.0,22.0,1922.0,29.0
374.0,2026-05-07 21:21:00,"AL-13, p747-9","Capriles, J.M.",Obsidian 3mm,30.0,927.0,245.0,12.0,37.0,104.0,31.0,920.0,33.0
375.0,2026-05-07 21:24:00,"AL-13, p747-10","Capriles, J.M.",Obsidian 3mm,30.0,766.0,168.0,346.0,18.0,263.0,22.0,2068.0,26.0
376.0,2026-05-07 21:31:00,"AL-11, p744-1","Capriles, J.M.",Obsidian 3mm,30.0,981.0,244.0,15.0,42.0,95.0,36.0,1061.0,33.0
377.0,2026-05-07 21:34:00,"AL-11, p744-2","Capriles, J.M.",Obsidian 3mm,30.0,900.0,215.0,10.0,29.0,72.0,30.0,911.0,30.0
378.0,2026-05-07 21:36:00,"AL-11, p744-3","Capriles, J.M.",Obsidian 3mm,30.0,940.0,212.0,12.0,37.0,79.0,31.0,976.0,33.0
379.0,2026-05-07 21:47:00,"AL-11, p744-4","Capriles, J.M.",Obsidian 3mm,30.0,1008.0,227.0,14.0,33.0,93.0,36.0,966.0,35.0
411.0,2026-05-13 10:30:00,RGM solid,"Fernández, Marcelo",Obsidian 3mm,30.0,827.0,156.0,131.0,35.0,240.0,23.0,1669.0,27.0
412.0,2026-05-13 10:32:00,Karaña nucleo1 (aire),"Fernández, Marcelo",Obsidian 3mm,30.0,958.0,221.0,45.0,23.0,68.0,30.0,847.0,28.0
413.0,2026-05-13 10:34:00,Karaña nucleo1 (medida2),"Fernández, Marcelo",Obsidian 3mm,30.0,933.0,254.0,49.0,22.0,79.0,34.0,925.0,33.0
414.0,2026-05-13 10:35:00,Karaña nucleo2,"Fernández, Marcelo",Obsidian 3mm,30.0,1028.0,246.0,49.0,23.0,80.0,31.0,979.0,37.0
415.0,2026-05-13 10:37:00,Karaña nucleo3,"Fernández, Marcelo",Obsidian 3mm,30.0,1038.0,236.0,49.0,26.0,81.0,35.0,1005.0,33.0
417.0,2026-05-13 10:44:00,18828 ppt stem,"Fernández, Marcelo",Obsidian 3mm,30.0,766.0,47.0,25.0,19.0,18.0,12.0,128.0,30.0
418.0,2026-05-13 10:47:00,ppt 18539,"Fernández, Marcelo",Obsidian 3mm,30.0,689.0,142.0,108.0,15.0,94.0,21.0,1149.0,22.0
419.0,2026-05-13 10:49:00,ppt 18531,"Fernández, Marcelo",Obsidian 3mm,30.0,877.0,250.0,46.0,22.0,78.0,31.0,728.0,35.0
420.0,2026-05-13 10:50:00,ppt 18530,"Fernández, Marcelo",Obsidian 3mm,30.0,755.0,160.0,35.0,17.0,53.0,26.0,524.0,27.0
422.0,2026-05-13 10:51:00,ppt 18532,"Fernández, Marcelo",Obsidian 3mm,30.0,657.0,218.0,45.0,21.0,61.0,26.0,472.0,28.0
423.0,2026-05-13 10:53:00,ppt 18533,"Fernández, Marcelo",Obsidian 3mm,30.0,1138.0,229.0,47.0,17.0,63.0,32.0,333.0,39.0
424.0,2026-05-13 10:55:00,ppt 18558,"Fernández, Marcelo",Obsidian 3mm,30.0,582.0,124.0,34.0,12.0,31.0,16.0,281.0,18.0
425.0,2026-05-13 10:56:00,large black retouched flake,"Fernández, Marcelo",Obsidian 3mm,30.0,1027.0,82.0,34.0,126.0,666.0,129.0,1122.0,21.0
426.0,2026-05-13 10:59:00,RGM solid,"Fernández, Marcelo",Obsidian 3mm,30.0,755.0,162.0,135.0,29.0,248.0,22.0,1761.0,27.0
1037.0,2026-05-21 15:03:00,LK1-U1-106-2,"Gómez, Mirtha",Obsidian 3mm,30.0,936.0,134.0,340.0,25.0,173.0,28.0,1906.0,30.0
1038.0,2026-05-21 15:04:00,LK1-U1-108-33,"Gómez, Mirtha",Obsidian 3mm,30.0,895.0,129.0,325.0,21.0,176.0,26.0,2011.0,27.0
1039.0,2026-05-21 15:05:00,LK1-U1-109/2-14 p236,"Gómez, Mirtha",Obsidian 3mm,30.0,972.0,163.0,404.0,20.0,192.0,32.0,1428.0,30.0
1040.0,2026-05-21 15:06:00,LK1-U2-114-59,"Gómez, Mirtha",Obsidian 3mm,30.0,845.0,144.0,363.0,24.0,195.0,30.0,1804.0,27.0
1041.0,2026-05-21 15:07:00,LK1-U2-118-11,"Gómez, Mirtha",Obsidian 3mm,30.0,835.0,145.0,331.0,20.0,181.0,27.0,1402.0,29.0
1042.0,2026-05-21 15:08:00,LK1-U2-118/2-20 p339,"Gómez, Mirtha",Obsidian 3mm,30.0,1056.0,135.0,369.0,24.0,186.0,31.0,2170.0,31.0
1043.0,2026-05-21 15:09:00,LK1-U6-123-34,"Gómez, Mirtha",Obsidian 3mm,30.0,879.0,141.0,351.0,22.0,181.0,31.0,1746.0,28.0
1044.0,2026-05-21 15:11:00,LK1-U2-124-19,"Gómez, Mirtha",Obsidian 3mm,30.0,833.0,126.0,309.0,21.0,160.0,29.0,1898.0,26.0
1045.0,2026-05-21 15:12:00,LK1-U6-125-24,"Gómez, Mirtha",Obsidian 3mm,30.0,851.0,129.0,331.0,23.0,176.0,29.0,1852.0,28.0
1046.0,2026-05-21 15:16:00,LK1-U6-127-36,"Gómez, Mirtha",Obsidian 3mm,30.0,960.0,129.0,334.0,24.0,184.0,28.0,1684.0,23.0
1047.0,2026-05-21 15:16:00,LK1-U7-135/5-11 p331,"Gómez, Mirtha",Obsidian 3mm,30.0,894.0,128.0,357.0,21.0,187.0,28.0,2133.0,29.0
1048.0,2026-05-21 15:18:00,LK1-U7-135-10,"Gómez, Mirtha",Obsidian 3mm,30.0,806.0,143.0,367.0,18.0,187.0,29.0,1568.0,25.0
1049.0,2026-05-21 15:19:00,LK1-U7-140/4-1 p574,"Gómez, Mirtha",Obsidian 3mm,30.0,901.0,139.0,351.0,23.0,192.0,31.0,1910.0,26.0
1050.0,2026-05-21 15:21:00,LK1-U7-143-20,"Gómez, Mirtha",Obsidian 3mm,30.0,967.0,135.0,344.0,18.0,175.0,29.0,1906.0,24.0
1051.0,2026-05-21 15:22:00,LK1-U7-143-21,"Gómez, Mirtha",Obsidian 3mm,30.0,799.0,128.0,327.0,24.0,172.0,26.0,1885.0,25.0
1052.0,2026-05-21 15:23:00,LK1-U7-144-8,"Gómez, Mirtha",Obsidian 3mm,30.0,807.0,128.0,308.0,20.0,163.0,28.0,1555.0,19.0
293.0,2025-10-24 12:14:00,LK1-U1-109-9,"Gómez, Mirtha",Obsidian 3mm,30.0,978.0,151.0,360.0,20.0,205.0,31.0,2387.0,25.0
294.0,2025-10-24 12:15:00,LK1-U7-142-17,"Gómez, Mirtha",Obsidian 3mm,30.0,835.0,142.0,377.0,23.0,197.0,31.0,1461.0,23.0
295.0,2025-10-24 12:17:00,LK1-U7-144-11,"Gómez, Mirtha",Obsidian 3mm,30.0,767.0,138.0,353.0,20.0,190.0,30.0,2183.0,27.0
296.0,2025-10-24 12:23:00,LK1-U2-118-12,"Gómez, Mirtha",Obsidian 3mm,30.0,846.0,135.0,339.0,21.0,181.0,29.0,1650.0,25.0
297.0,2025-10-24 12:25:00,LK1-U6-128-15,"Gómez, Mirtha",Obsidian 3mm,30.0,857.0,153.0,380.0,22.0,189.0,30.0,1675.0,23.0
298.0,2025-10-24 12:27:00,LK1-U7-141-25,"Gómez, Mirtha",Obsidian 3mm,30.0,796.0,137.0,371.0,21.0,188.0,31.0,1459.0,25.0
299.0,2025-10-24 12:28:00,LK1-U2-114-55,"Gómez, Mirtha",Obsidian 3mm,30.0,842.0,131.0,342.0,23.0,177.0,32.0,2229.0,20.0
300.0,2025-10-24 12:29:00,LK1-U7-143-12,"Gómez, Mirtha",Obsidian 3mm,30.0,914.0,147.0,371.0,21.0,192.0,27.0,1563.0,29.0
301.0,2025-10-24 12:31:00,LK1-U2-116-19,"Gómez, Mirtha",Obsidian 3mm,30.0,782.0,142.0,375.0,21.0,192.0,30.0,1388.0,26.0
302.0,2025-10-24 12:32:00,LK1-U7-136-12,"Gómez, Mirtha",Obsidian 3mm,30.0,1060.0,345.0,13.0,35.0,69.0,88.0,847.0,35.0
303.0,2025-10-24 12:32:00,LK1-U6-123-36,"Gómez, Mirtha",Obsidian 3mm,30.0,878.0,145.0,385.0,24.0,211.0,32.0,2270.0,24.0
304.0,2025-10-24 12:33:00,LK1-U1-106-6,"Gómez, Mirtha",Obsidian 3mm,30.0,950.0,141.0,345.0,21.0,190.0,29.0,2211.0,29.0
305.0,2025-10-24 12:34:00,LK1-sup-33 p537,"Gómez, Mirtha",Obsidian 3mm,30.0,904.0,136.0,354.0,22.0,195.0,31.0,1782.0,24.0
306.0,2025-10-24 12:35:00,LK1-sup-16,"Gómez, Mirtha",Obsidian 3mm,30.0,934.0,148.0,373.0,22.0,189.0,30.0,2421.0,28.0
307.0,2025-10-24 12:35:00,LK1-U3-204-2,"Gómez, Mirtha",Obsidian 3mm,30.0,927.0,143.0,387.0,22.0,199.0,30.0,1669.0,28.0
647.0,2026-05-15 10:57:00,Munarq-25-013867-1,"Mamani, R.",Obsidian 3mm,30.0,1066.0,263.0,54.0,26.0,84.0,28.0,779.0,32.0
648.0,2026-05-15 10:59:00,Munarq-25-013867-2,"Mamani, R.",Obsidian 3mm,30.0,997.0,244.0,48.0,23.0,74.0,31.0,1032.0,39.0
649.0,2026-05-15 10:59:00,Munarq-25-013867-3,"Mamani, R.",Obsidian 3mm,30.0,1004.0,234.0,51.0,28.0,74.0,31.0,1021.0,37.0
650.0,2026-05-15 11:00:00,Munarq-25-013867-4,"Mamani, R.",Obsidian 3mm,30.0,726.0,123.0,113.0,20.0,93.0,24.0,1133.0,24.0
651.0,2026-05-15 11:02:00,Munarq-25-013867-5,"Mamani, R.",Obsidian 3mm,30.0,1163.0,288.0,57.0,24.0,90.0,34.0,696.0,41.0
652.0,2026-05-15 11:03:00,Munarq-25-013867-6,"Mamani, R.",Obsidian 3mm,30.0,907.0,227.0,46.0,24.0,72.0,28.0,899.0,35.0
653.0,2026-05-15 11:04:00,Munarq-25-013867-7,"Mamani, R.",Obsidian 3mm,30.0,1104.0,270.0,51.0,24.0,87.0,37.0,1024.0,36.0
654.0,2026-05-15 11:04:00,Munarq-25-013867-8,"Mamani, R.",Obsidian 3mm,30.0,1016.0,254.0,48.0,26.0,74.0,32.0,801.0,31.0
655.0,2026-05-15 11:06:00,Munarq-25-013867-9,"Mamani, R.",Obsidian 3mm,30.0,983.0,267.0,57.0,18.0,79.0,35.0,696.0,34.0
656.0,2026-05-15 11:07:00,Munarq-25-013867-10,"Mamani, R.",Obsidian 3mm,30.0,1026.0,281.0,58.0,23.0,90.0,32.0,704.0,32.0
657.0,2026-05-15 11:08:00,Munarq-25-013867-11,"Mamani, R.",Obsidian 3mm,30.0,1091.0,286.0,55.0,22.0,90.0,36.0,1028.0,41.0
658.0,2026-05-15 11:09:00,Munarq-25-013867-12,"Mamani, R.",Obsidian 3mm,30.0,938.0,245.0,44.0,24.0,74.0,34.0,1002.0,29.0
659.0,2026-05-15 11:10:00,Munarq-25-013867-13,"Mamani, R.",Obsidian 3mm,30.0,993.0,240.0,48.0,20.0,76.0,34.0,931.0,37.0
660.0,2026-05-15 11:11:00,Munarq-25-013867-14,"Mamani, R.",Obsidian 3mm,30.0,974.0,242.0,49.0,21.0,77.0,32.0,607.0,31.0
661.0,2026-05-15 11:13:00,Munarq-25-013867-15,"Mamani, R.",Obsidian 3mm,30.0,960.0,236.0,42.0,22.0,78.0,29.0,833.0,35.0
662.0,2026-05-15 11:13:00,Munarq-25-013867-16,"Mamani, R.",Obsidian 3mm,30.0,952.0,245.0,50.0,22.0,76.0,31.0,994.0,33.0
663.0,2026-05-15 11:17:00,Munarq-25-013867-17,"Mamani, R.",Obsidian 3mm,30.0,789.0,196.0,41.0,20.0,64.0,30.0,812.0,28.0
664.0,2026-05-15 11:18:00,Munarq-25-013867-18,"Mamani, R.",Obsidian 3mm,30.0,1020.0,248.0,51.0,23.0,74.0,29.0,829.0,34.0
665.0,2026-05-15 11:19:00,Munarq-25-013867-19,"Mamani, R.",Obsidian 3mm,30.0,939.0,250.0,53.0,22.0,83.0,33.0,886.0,34.0
666.0,2026-05-15 11:20:00,Munarq-25-013867-20,"Mamani, R.",Obsidian 3mm,30.0,1337.0,314.0,63.0,30.0,105.0,39.0,985.0,47.0
667.0,2026-05-15 11:20:00,Munarq-25-013867-21,"Mamani, R.",Obsidian 3mm,30.0,1133.0,274.0,54.0,24.0,87.0,36.0,977.0,41.0
668.0,2026-05-15 11:21:00,Munarq-25-013867-22,"Mamani, R.",Obsidian 3mm,30.0,998.0,270.0,47.0,24.0,82.0,36.0,1021.0,34.0
669.0,2026-05-15 11:22:00,Munarq-25-013867-23,"Mamani, R.",Obsidian 3mm,30.0,962.0,243.0,56.0,23.0,71.0,30.0,640.0,35.0
670.0,2026-05-15 11:23:00,Munarq-25-013867-24,"Mamani, R.",Obsidian 3mm,30.0,1070.0,282.0,52.0,21.0,89.0,34.0,978.0,44.0
671.0,2026-05-15 11:24:00,Munarq-25-013867-25,"Mamani, R.",Obsidian 3mm,30.0,1063.0,286.0,57.0,30.0,89.0,36.0,997.0,39.0
672.0,2026-05-15 11:26:00,Munarq-25-013867-26,"Mamani, R.",Obsidian 3mm,30.0,951.0,165.0,95.0,17.0,100.0,24.0,1609.0,25.0
673.0,2026-05-15 11:27:00,Munarq-25-013867-27,"Mamani, R.",Obsidian 3mm,30.0,1030.0,152.0,213.0,23.0,93.0,30.0,2011.0,25.0
674.0,2026-05-15 11:28:00,Munarq-25-013867-28,"Mamani, R.",Obsidian 3mm,30.0,1000.0,245.0,51.0,27.0,81.0,32.0,843.0,34.0
675.0,2026-05-15 11:29:00,Munarq-25-013867-29,"Mamani, R.",Obsidian 3mm,30.0,914.0,255.0,55.0,25.0,88.0,35.0,924.0,32.0
676.0,2026-05-15 11:30:00,Munarq-25-013867-30,"Mamani, R.",Obsidian 3mm,30.0,1353.0,299.0,56.0,24.0,92.0,36.0,807.0,46.0
677.0,2026-05-15 11:31:00,Munarq-25-013867-31,"Mamani, R.",Obsidian 3mm,30.0,1199.0,290.0,57.0,23.0,82.0,33.0,620.0,40.0
678.0,2026-05-15 11:33:00,Munarq-25-013867-32,"Mamani, R.",Obsidian 3mm,30.0,994.0,270.0,51.0,19.0,85.0,34.0,1162.0,37.0
679.0,2026-05-15 11:35:00,Munarq-25-013867-33,"Mamani, R.",Obsidian 3mm,30.0,931.0,248.0,50.0,25.0,76.0,30.0,884.0,34.0
680.0,2026-05-15 11:35:00,Munarq-25-013867-34,"Mamani, R.",Obsidian 3mm,30.0,972.0,261.0,52.0,28.0,85.0,34.0,886.0,42.0
681.0,2026-05-15 11:36:00,Munarq-25-013867-35,"Mamani, R.",Obsidian 3mm,30.0,1211.0,307.0,60.0,25.0,91.0,35.0,986.0,39.0
682.0,2026-05-15 11:37:00,Munarq-25-013867-36,"Mamani, R.",Obsidian 3mm,30.0,1180.0,292.0,57.0,29.0,86.0,37.0,833.0,43.0
683.0,2026-05-15 11:38:00,Munarq-25-013867-37,"Mamani, R.",Obsidian 3mm,30.0,1138.0,269.0,57.0,28.0,91.0,36.0,1183.0,39.0
684.0,2026-05-15 11:39:00,Munarq-25-013867-38,"Mamani, R.",Obsidian 3mm,30.0,1006.0,268.0,52.0,24.0,80.0,35.0,979.0,31.0
685.0,2026-05-15 11:40:00,Munarq-25-013867-39,"Mamani, R.",Obsidian 3mm,30.0,964.0,220.0,43.0,26.0,72.0,33.0,873.0,34.0
686.0,2026-05-15 11:41:00,Munarq-25-013867-40,"Mamani, R.",Obsidian 3mm,30.0,1101.0,280.0,53.0,25.0,89.0,36.0,985.0,42.0
687.0,2026-05-15 11:42:00,Munarq-25-013867-41,"Mamani, R.",Obsidian 3mm,30.0,1020.0,256.0,53.0,32.0,83.0,35.0,965.0,37.0
688.0,2026-05-15 11:43:00,Munarq-25-013867-42,"Mamani, R.",Obsidian 3mm,30.0,1065.0,277.0,50.0,25.0,83.0,33.0,855.0,33.0
689.0,2026-05-15 11:44:00,Munarq-25-013867-43,"Mamani, R.",Obsidian 3mm,30.0,1011.0,262.0,55.0,23.0,80.0,31.0,818.0,38.0
690.0,2026-05-15 11:44:00,Munarq-25-013867-44,"Mamani, R.",Obsidian 3mm,30.0,1079.0,265.0,58.0,25.0,88.0,37.0,1065.0,36.0
691.0,2026-05-15 11:45:00,Munarq-25-013867-45,"Mamani, R.",Obsidian 3mm,30.0,1065.0,252.0,49.0,19.0,74.0,31.0,962.0,31.0
692.0,2026-05-15 11:46:00,Munarq-25-013867-46,"Mamani, R.",Obsidian 3mm,30.0,1039.0,297.0,50.0,26.0,88.0,36.0,774.0,38.0
693.0,2026-05-15 11:47:00,Munarq-25-013867-47,"Mamani, R.",Obsidian 3mm,30.0,1287.0,257.0,49.0,21.0,76.0,29.0,455.0,42.0
694.0,2026-05-15 11:48:00,Munarq-25-013867-48,"Mamani, R.",Obsidian 3mm,30.0,972.0,254.0,51.0,22.0,72.0,36.0,711.0,39.0
695.0,2026-05-15 11:49:00,Munarq-25-013867-49,"Mamani, R.",Obsidian 3mm,30.0,1120.0,283.0,56.0,25.0,89.0,37.0,1008.0,45.0
696.0,2026-05-15 11:50:00,Munarq-25-013867-50,"Mamani, R.",Obsidian 3mm,30.0,1034.0,255.0,51.0,25.0,81.0,34.0,786.0,36.0
697.0,2026-05-15 11:51:00,Munarq-25-013867-51,"Mamani, R.",Obsidian 3mm,30.0,922.0,240.0,46.0,21.0,76.0,33.0,777.0,36.0
698.0,2026-05-15 11:52:00,Munarq-25-013867-52,"Mamani, R.",Obsidian 3mm,30.0,988.0,233.0,48.0,27.0,73.0,29.0,814.0,35.0
699.0,2026-05-15 11:53:00,Munarq-25-013867-53,"Mamani, R.",Obsidian 3mm,30.0,2127.0,23.0,1691.0,29.0,397.0,19.0,1404.0,20.0
700.0,2026-05-15 11:54:00,Munarq-25-013867-54,"Mamani, R.",Obsidian 3mm,30.0,17967.0,41.0,266.0,26.0,120.0,18.0,246.0,25.0
701.0,2026-05-15 11:55:00,Munarq-25-013867-55,"Mamani, R.",Obsidian 3mm,30.0,3503.0,31.0,2685.0,26.0,530.0,20.0,1130.0,29.0
702.0,2026-05-15 11:56:00,Munarq-25-013867-56,"Mamani, R.",Obsidian 3mm,30.0,8373.0,67.0,405.0,29.0,235.0,26.0,3800.0,26.0
703.0,2026-05-15 11:57:00,Munarq-25-013867-57,"Mamani, R.",Obsidian 3mm,30.0,846.0,253.0,49.0,24.0,77.0,34.0,677.0,32.0
704.0,2026-05-15 11:58:00,Munarq-25-013867-58,"Mamani, R.",Obsidian 3mm,30.0,1211.0,301.0,55.0,26.0,95.0,34.0,906.0,36.0
705.0,2026-05-15 11:59:00,Munarq-25-013867-59,"Mamani, R.",Obsidian 3mm,30.0,1068.0,278.0,51.0,25.0,82.0,33.0,629.0,33.0
706.0,2026-05-15 12:00:00,Munarq-25-013867-60,"Mamani, R.",Obsidian 3mm,23.0,1216.0,272.0,56.0,25.0,91.0,37.0,1058.0,39.0
707.0,2026-05-15 12:02:00,Munarq-25-013867-61,"Mamani, R.",Obsidian 3mm,20.0,1021.0,278.0,55.0,26.0,87.0,37.0,1070.0,34.0
712.0,2026-05-15 13:46:00,Munarq-25-013867-62,"Mamani, R.",Obsidian 3mm,30.0,1073.0,286.0,57.0,24.0,89.0,36.0,1129.0,39.0
713.0,2026-05-15 13:47:00,Munarq-25-013867-63,"Mamani, R.",Obsidian 3mm,30.0,1021.0,268.0,49.0,24.0,91.0,34.0,954.0,36.0
715.0,2026-05-15 13:49:00,Munarq-25-013867-64,"Mamani, R.",Obsidian 3mm,30.0,1188.0,96.0,257.0,35.0,267.0,61.0,1661.0,30.0
716.0,2026-05-15 13:50:00,Munarq-25-013867-65,"Mamani, R.",Obsidian 3mm,30.0,976.0,262.0,57.0,22.0,79.0,34.0,902.0,33.0
717.0,2026-05-15 13:52:00,Munarq-25-013867-66,"Mamani, R.",Obsidian 3mm,30.0,1195.0,263.0,56.0,24.0,88.0,35.0,1208.0,35.0
718.0,2026-05-15 13:53:00,Munarq-25-013867-67,"Mamani, R.",Obsidian 3mm,30.0,1053.0,272.0,52.0,21.0,86.0,36.0,788.0,33.0
719.0,2026-05-15 13:54:00,Munarq-25-013867-68,"Mamani, R.",Obsidian 3mm,30.0,1101.0,257.0,52.0,29.0,89.0,38.0,1026.0,38.0
720.0,2026-05-15 14:01:00,Munarq-25-013867-69,"Mamani, R.",Obsidian 3mm,30.0,941.0,246.0,51.0,18.0,78.0,31.0,750.0,33.0
721.0,2026-05-15 14:03:00,Munarq-25-013867-70,"Mamani, R.",Obsidian 3mm,30.0,1013.0,227.0,49.0,24.0,71.0,29.0,975.0,29.0
722.0,2026-05-15 14:04:00,Munarq-25-013867-71,"Mamani, R.",Obsidian 3mm,30.0,816.0,193.0,141.0,20.0,103.0,20.0,1671.0,31.0
723.0,2026-05-15 14:06:00,Munarq-25-013867-72,"Mamani, R.",Obsidian 3mm,30.0,920.0,247.0,50.0,24.0,74.0,31.0,884.0,36.0
724.0,2026-05-15 14:07:00,Munarq-25-013867-73,"Mamani, R.",Obsidian 3mm,30.0,956.0,240.0,46.0,24.0,79.0,34.0,1042.0,30.0
725.0,2026-05-15 14:08:00,Munarq-25-013867-74,"Mamani, R.",Obsidian 3mm,30.0,944.0,250.0,51.0,26.0,75.0,32.0,950.0,42.0
726.0,2026-05-15 14:09:00,Munarq-25-013867-75,"Mamani, R.",Obsidian 3mm,30.0,892.0,241.0,46.0,18.0,77.0,30.0,626.0,33.0
727.0,2026-05-15 14:14:00,Munarq-25-013867-76,"Mamani, R.",Obsidian 3mm,30.0,1099.0,291.0,58.0,27.0,92.0,34.0,1063.0,40.0
728.0,2026-05-15 14:16:00,Munarq-25-013867-77,"Mamani, R.",Obsidian 3mm,30.0,1033.0,273.0,53.0,22.0,87.0,34.0,841.0,41.0
729.0,2026-05-15 14:17:00,Munarq-25-013867-78,"Mamani, R.",Obsidian 3mm,30.0,1349.0,285.0,60.0,24.0,90.0,34.0,903.0,37.0
730.0,2026-05-15 14:19:00,Munarq-25-013867-79,"Mamani, R.",Obsidian 3mm,30.0,955.0,247.0,48.0,22.0,73.0,32.0,901.0,27.0
731.0,2026-05-15 14:22:00,Munarq-25-013867-80,"Mamani, R.",Obsidian 3mm,30.0,804.0,216.0,167.0,15.0,119.0,23.0,1438.0,37.0
732.0,2026-05-15 14:27:00,Munarq-25-004341,"Mamani, R.",Obsidian 3mm,30.0,1625.0,95.0,755.0,29.0,346.0,23.0,2150.0,25.0
733.0,2026-05-15 14:28:00,Munarq-25-004342,"Mamani, R.",Obsidian 3mm,30.0,970.0,87.0,694.0,22.0,320.0,24.0,1939.0,23.0
734.0,2026-05-15 14:30:00,Munarq-25-004343,"Mamani, R.",Obsidian 3mm,30.0,970.0,91.0,606.0,24.0,298.0,24.0,1972.0,22.0
735.0,2026-05-15 14:32:00,Munarq-25-004344,"Mamani, R.",Obsidian 3mm,30.0,921.0,107.0,660.0,20.0,336.0,24.0,2327.0,27.0
857.0,2026-05-19 14:49:00,MNALP-5801-197,"Mamani, R.",Obsidian 3mm,30.0,776.0,232.0,154.0,21.0,92.0,29.0,1379.0,42.0
858.0,2026-05-19 14:50:00,MNALP-181,"Mamani, R.",Obsidian 3mm,30.0,807.0,240.0,171.0,20.0,98.0,28.0,1337.0,34.0
859.0,2026-05-19 14:52:00,MNALP-5789,"Mamani, R.",Obsidian 3mm,30.0,697.0,223.0,154.0,15.0,100.0,25.0,1426.0,40.0
860.0,2026-05-19 14:53:00,MNALP-5807,"Mamani, R.",Obsidian 3mm,30.0,874.0,230.0,160.0,17.0,103.0,29.0,1437.0,38.0
861.0,2026-05-19 14:54:00,MNALP-5810,"Mamani, R.",Obsidian 3mm,30.0,706.0,208.0,146.0,17.0,88.0,28.0,1213.0,31.0
862.0,2026-05-19 14:55:00,MNALP-5803,"Mamani, R.",Obsidian 3mm,30.0,863.0,227.0,150.0,21.0,117.0,30.0,1557.0,35.0
863.0,2026-05-19 14:56:00,MNALP-5806,"Mamani, R.",Obsidian 3mm,30.0,803.0,246.0,165.0,16.0,99.0,31.0,1449.0,34.0
864.0,2026-05-19 14:59:00,MNALP-5798,"Mamani, R.",Obsidian 3mm,30.0,857.0,231.0,152.0,23.0,96.0,31.0,1151.0,39.0
865.0,2026-05-19 15:04:00,MNALP-5796,"Mamani, R.",Obsidian 3mm,30.0,985.0,271.0,177.0,23.0,109.0,32.0,1487.0,45.0
866.0,2026-05-19 15:04:00,MNALP-5809-194,"Mamani, R.",Obsidian 3mm,30.0,763.0,249.0,169.0,24.0,134.0,27.0,580.0,32.0
867.0,2026-05-19 15:11:00,MUNARQ-25-013846-1,"Mamani, R.",Obsidian 3mm,30.0,1054.0,93.0,43.0,165.0,789.0,155.0,1432.0,26.0
868.0,2026-05-19 15:13:00,MUNARQ-25-013846-2,"Mamani, R.",Obsidian 3mm,30.0,891.0,140.0,178.0,19.0,88.0,24.0,1737.0,25.0
869.0,2026-05-19 15:15:00,MUNARQ-25-013846-3,"Mamani, R.",Obsidian 3mm,30.0,892.0,161.0,228.0,26.0,100.0,26.0,2039.0,26.0
870.0,2026-05-19 15:16:00,MUNARQ-25-013846-4,"Mamani, R.",Obsidian 3mm,30.0,1101.0,88.0,33.0,129.0,752.0,136.0,1251.0,25.0
874.0,2026-05-19 15:29:00,"MUNARQ-25-013869, Challapata-1","Mamani, R.",Obsidian 3mm,30.0,1063.0,294.0,57.0,25.0,92.0,38.0,880.0,42.0
875.0,2026-05-19 15:30:00,"MUNARQ-25-013869, Challapata-2","Mamani, R.",Obsidian 3mm,30.0,1417.0,340.0,69.0,30.0,103.0,38.0,704.0,37.0
876.0,2026-05-19 15:30:00,"MUNARQ-25-013869, Challapata-3","Mamani, R.",Obsidian 3mm,30.0,958.0,258.0,49.0,28.0,79.0,34.0,737.0,36.0
877.0,2026-05-19 15:32:00,"MUNARQ-25-013869, Challapata-4","Mamani, R.",Obsidian 3mm,30.0,1160.0,305.0,59.0,24.0,95.0,39.0,794.0,42.0
878.0,2026-05-19 15:33:00,"MUNARQ-25-013869, Challapata-5","Mamani, R.",Obsidian 3mm,30.0,977.0,274.0,52.0,26.0,84.0,34.0,702.0,36.0
879.0,2026-05-19 15:34:00,"MUNARQ-25-013869, Challapata-6","Mamani, R.",Obsidian 3mm,30.0,1096.0,297.0,55.0,24.0,91.0,36.0,666.0,41.0
880.0,2026-05-19 15:35:00,"MUNARQ-25-013869, Challapata-7","Mamani, R.",Obsidian 3mm,30.0,1136.0,301.0,58.0,26.0,102.0,36.0,869.0,40.0
881.0,2026-05-19 15:35:00,"MUNARQ-25-013869, Challapata-8","Mamani, R.",Obsidian 3mm,30.0,1050.0,277.0,57.0,27.0,88.0,37.0,887.0,40.0
882.0,2026-05-19 15:36:00,"MUNARQ-25-013869, Challapata-9","Mamani, R.",Obsidian 3mm,30.0,978.0,263.0,54.0,29.0,90.0,32.0,747.0,37.0
896.0,2026-05-19 16:19:00,"Bolsa 77, MNALP-8030","Mamani, R.",Obsidian 3mm,30.0,1032.0,241.0,176.0,47.0,220.0,40.0,1487.0,37.0
929.0,2026-05-21 09:16:00,LaBarca b4196 10461,"Mamani, R.",Obsidian 3mm,30.0,967.0,141.0,387.0,22.0,195.0,30.0,2035.0,26.0
930.0,2026-05-21 09:18:00,LaBarca b6100 10447,"Mamani, R.",Obsidian 3mm,30.0,1013.0,146.0,377.0,23.0,190.0,32.0,2102.0,30.0
935.0,2026-05-21 09:33:00,Wankarani? 10406,"Mamani, R.",Obsidian 3mm,30.0,837.0,146.0,98.0,21.0,115.0,26.0,1484.0,29.0
936.0,2026-05-21 09:33:00,"Bolsa 70, MNALP-8762","Mamani, R.",Obsidian 3mm,30.0,977.0,245.0,13.0,36.0,82.0,35.0,961.0,32.0
937.0,2026-05-21 09:34:00,"Bolsa 70, MNALP-9155","Mamani, R.",Obsidian 3mm,30.0,786.0,139.0,363.0,22.0,189.0,28.0,1899.0,28.0
938.0,2026-05-21 09:35:00,"Bolsa 70, MNALP-8761","Mamani, R.",Obsidian 3mm,30.0,967.0,248.0,174.0,44.0,276.0,37.0,1067.0,46.0
1053.0,2026-05-21 15:26:00,Sora Sora Nodule 1,"Mamani, R.",Obsidian 3mm,30.0,1243.0,332.0,21.0,37.0,72.0,83.0,840.0,38.0
1054.0,2026-05-21 15:27:00,Sora Sora Nodule 2,"Mamani, R.",Obsidian 3mm,30.0,1104.0,315.0,14.0,32.0,58.0,78.0,653.0,44.0
1055.0,2026-05-21 15:32:00,Santiago de Callapa C-6,"Mamani, R.",Obsidian 3mm,30.0,900.0,120.0,313.0,22.0,166.0,25.0,1669.0,22.0
1056.0,2026-05-21 15:33:00,Santiago de Callapa K-6,"Mamani, R.",Obsidian 3mm,30.0,993.0,127.0,406.0,22.0,168.0,24.0,2019.0,24.0
1057.0,2026-05-21 15:34:00,Santiago de Callapa E-7,"Mamani, R.",Obsidian 3mm,30.0,1086.0,162.0,416.0,23.0,189.0,32.0,835.0,35.0
1058.0,2026-05-21 15:35:00,Santiago de Callapa E-3,"Mamani, R.",Obsidian 3mm,30.0,1192.0,153.0,680.0,39.0,394.0,28.0,2181.0,33.0
1059.0,2026-05-21 15:38:00,Santiago de Callapa F-3,"Mamani, R.",Obsidian 3mm,30.0,1127.0,171.0,388.0,17.0,201.0,35.0,960.0,33.0
292.0,2025-10-24 12:10:00,RGM solid,STANDARD,Obsidian 3mm,30.0,754.0,159.0,124.0,29.0,238.0,23.0,1664.0,24.0
308.0,2025-10-24 12:38:00,RGM solid,STANDARD,Obsidian 3mm,30.0,570.0,157.0,111.0,29.0,229.0,19.0,1324.0,28.0
359.0,2026-05-07 20:20:00,RGM solid date time off,STANDARD,Obsidian 3mm,30.0,758.0,158.0,136.0,37.0,240.0,24.0,1656.0,28.0
360.0,2026-05-07 20:20:00,RGM solid,STANDARD,Obsidian 3mm,30.0,753.0,157.0,127.0,30.0,219.0,21.0,1522.0,25.0
380.0,2026-05-07 21:49:00,RGM solid,STANDARD,Obsidian 3mm,30.0,750.0,166.0,119.0,30.0,220.0,21.0,1508.0,27.0
646.0,2026-05-15 09:29:00,RGM solid,STANDARD,Obsidian 3mm,30.0,823.0,162.0,133.0,29.0,237.0,23.0,1853.0,23.0
711.0,2026-05-15 13:44:00,RGM solid,STANDARD,Obsidian 3mm,30.0,729.0,161.0,124.0,28.0,238.0,23.0,1669.0,25.0
856.0,2026-05-19 14:48:00,RGM solid,STANDARD,Obsidian 3mm,30.0,812.0,148.0,125.0,30.0,230.0,22.0,1585.0,26.0
883.0,2026-05-19 15:43:00,RGM solid,STANDARD,Obsidian 3mm,30.0,728.0,167.0,121.0,32.0,232.0,22.0,1703.0,26.0
894.0,2026-05-19 16:18:00,RGM solid,STANDARD,Obsidian 3mm,30.0,787.0,160.0,121.0,36.0,232.0,24.0,1612.0,31.0
895.0,2026-05-19 16:19:00,"Bolsa 77, MNALP-8103",STANDARD,Obsidian 3mm,30.0,1104.0,246.0,171.0,47.0,256.0,42.0,1716.0,39.0
928.0,2026-05-21 09:14:00,RG/21M solid,STANDARD,Obsidian 3mm,30.0,746.0,158.0,124.0,31.0,234.0,21.0,1511.0,25.0
1036.0,2026-05-21 15:00:00,RGM solid,STANDARD,Obsidian 3mm,30.0,771.0,168.0,131.0,28.0,243.0,23.0,1465.0,27.0
1060.0,2026-05-21 15:42:00,RGM,STANDARD,Obsidian 3mm,30.0,792.0,165.0,127.0,26.0,239.0,24.0,1675.0,26.0
